<?xml version="1.0" encoding="UTF-8"?>
<java version="1.8.0_291" class="java.beans.XMLDecoder">
 <object class="org.eclipse.epp.internal.mpc.ui.catalog.MarketplaceInfo" id="MarketplaceInfo0">
  <void property="iuToNodeKey">
   <void method="put">
    <string>org.eclipse.swtbot.eclipse.gef</string>
    <object class="java.util.ArrayList">
     <void method="add">
      <string>https://marketplace.eclipse.org#677</string>
     </void>
    </object>
   </void>
   <void method="put">
    <string>edu.illinois.codingspectator</string>
    <object class="java.util.ArrayList">
     <void method="add">
      <string>https://marketplace.eclipse.org#67502</string>
     </void>
    </object>
   </void>
   <void method="put">
    <string>org.eclipse.egit.gitflow.feature</string>
    <object class="java.util.ArrayList">
     <void method="add">
      <string>https://marketplace.eclipse.org#1336</string>
     </void>
    </object>
   </void>
   <void method="put">
    <string>de.innot.avreclipse</string>
    <object class="java.util.ArrayList">
     <void method="add">
      <string>https://marketplace.eclipse.org#620</string>
     </void>
    </object>
   </void>
   <void method="put">
    <string>com.microfocus.dimensions.feature</string>
    <object class="java.util.ArrayList">
     <void method="add">
      <string>https://marketplace.eclipse.org#5018981</string>
     </void>
    </object>
   </void>
   <void method="put">
    <string>org.eclipse.swtbot</string>
    <object class="java.util.ArrayList">
     <void method="add">
      <string>https://marketplace.eclipse.org#677</string>
     </void>
    </object>
   </void>
   <void method="put">
    <string>org.greip.feature</string>
    <object class="java.util.ArrayList">
     <void method="add">
      <string>https://marketplace.eclipse.org#4445639</string>
     </void>
    </object>
   </void>
   <void method="put">
    <string>org.eclipse.wst.xml_ui.feature</string>
    <object class="java.util.ArrayList">
     <void method="add">
      <string>https://marketplace.eclipse.org#2963400</string>
     </void>
    </object>
   </void>
   <void method="put">
    <string>org.eclipse.wst.web_ui.feature</string>
    <object class="java.util.ArrayList">
     <void method="add">
      <string>https://marketplace.eclipse.org#2963400</string>
     </void>
    </object>
   </void>
   <void method="put">
    <string>org.eclipse.egit</string>
    <object class="java.util.ArrayList">
     <void method="add">
      <string>https://marketplace.eclipse.org#2963400</string>
     </void>
     <void method="add">
      <string>https://marketplace.eclipse.org#1336</string>
     </void>
    </object>
   </void>
   <void method="put">
    <string>TestDoxon_Tools</string>
    <object class="java.util.ArrayList">
     <void method="add">
      <string>https://marketplace.eclipse.org#4142493</string>
     </void>
    </object>
   </void>
   <void method="put">
    <string>ilg.gnumcueclipse.packs.feature</string>
    <object class="java.util.ArrayList">
     <void method="add">
      <string>https://marketplace.eclipse.org#2593184</string>
     </void>
    </object>
   </void>
   <void method="put">
    <string>org.moflon.ide.feature</string>
    <object class="java.util.ArrayList">
     <void method="add">
      <string>https://marketplace.eclipse.org#3234744</string>
     </void>
    </object>
   </void>
   <void method="put">
    <string>ilg.gnumcueclipse.templates.cortexm.feature</string>
    <object class="java.util.ArrayList">
     <void method="add">
      <string>https://marketplace.eclipse.org#2593184</string>
     </void>
    </object>
   </void>
   <void method="put">
    <string>com.reprezen.swagedit.feature</string>
    <object class="java.util.ArrayList">
     <void method="add">
      <string>https://marketplace.eclipse.org#3429028</string>
     </void>
    </object>
   </void>
   <void method="put">
    <string>org.eclipse.swtbot.eclipse</string>
    <object class="java.util.ArrayList">
     <void method="add">
      <string>https://marketplace.eclipse.org#677</string>
     </void>
    </object>
   </void>
   <void method="put">
    <string>com.codeaffine.gonsole.egit.feature</string>
    <object class="java.util.ArrayList">
     <void method="add">
      <string>https://marketplace.eclipse.org#1789454</string>
     </void>
    </object>
   </void>
   <void method="put">
    <string>org.eclipse.cvs</string>
    <object class="java.util.ArrayList">
     <void method="add">
      <string>https://marketplace.eclipse.org#2963400</string>
     </void>
    </object>
   </void>
   <void method="put">
    <string>ilg.gnumcueclipse.templates.ad.feature</string>
    <object class="java.util.ArrayList">
     <void method="add">
      <string>https://marketplace.eclipse.org#2593184</string>
     </void>
    </object>
   </void>
   <void method="put">
    <string>org.eclipse.jgit.lfs</string>
    <object class="java.util.ArrayList">
     <void method="add">
      <string>https://marketplace.eclipse.org#1336</string>
     </void>
    </object>
   </void>
   <void method="put">
    <string>org.eclipse.jgit.gpg.bc</string>
    <object class="java.util.ArrayList">
     <void method="add">
      <string>https://marketplace.eclipse.org#1336</string>
     </void>
    </object>
   </void>
   <void method="put">
    <string>ilg.gnumcueclipse.templates.sifive.feature</string>
    <object class="java.util.ArrayList">
     <void method="add">
      <string>https://marketplace.eclipse.org#2593184</string>
     </void>
    </object>
   </void>
   <void method="put">
    <string>org.moflon.ide.visualization.feature</string>
    <object class="java.util.ArrayList">
     <void method="add">
      <string>https://marketplace.eclipse.org#3234744</string>
     </void>
    </object>
   </void>
   <void method="put">
    <string>com.laboki.eclipse.feature.smartclose</string>
    <object class="java.util.ArrayList">
     <void method="add">
      <string>https://marketplace.eclipse.org#2341029</string>
     </void>
    </object>
   </void>
   <void method="put">
    <string>org.eclipse.jgit.ssh.apache</string>
    <object class="java.util.ArrayList">
     <void method="add">
      <string>https://marketplace.eclipse.org#1336</string>
     </void>
    </object>
   </void>
   <void method="put">
    <string>ilg.gnumcueclipse.managedbuild.cross.riscv.feature</string>
    <object class="java.util.ArrayList">
     <void method="add">
      <string>https://marketplace.eclipse.org#2593184</string>
     </void>
    </object>
   </void>
   <void method="put">
    <string>org.eclipse.swtbot.ide</string>
    <object class="java.util.ArrayList">
     <void method="add">
      <string>https://marketplace.eclipse.org#677</string>
     </void>
    </object>
   </void>
   <void method="put">
    <string>ilg.gnumcueclipse.debug.gdbjtag.qemu.feature</string>
    <object class="java.util.ArrayList">
     <void method="add">
      <string>https://marketplace.eclipse.org#2593184</string>
     </void>
    </object>
   </void>
   <void method="put">
    <string>org.eclipse.egit.mylyn</string>
    <object class="java.util.ArrayList">
     <void method="add">
      <string>https://marketplace.eclipse.org#1336</string>
     </void>
    </object>
   </void>
   <void method="put">
    <string>gitaddon.feature</string>
    <object class="java.util.ArrayList">
     <void method="add">
      <string>https://marketplace.eclipse.org#1076754</string>
     </void>
    </object>
   </void>
   <void method="put">
    <string>org.greip.nls.feature</string>
    <object class="java.util.ArrayList">
     <void method="add">
      <string>https://marketplace.eclipse.org#4445639</string>
     </void>
    </object>
   </void>
   <void method="put">
    <string>ilg.gnumcueclipse.managedbuild.cross.arm.feature</string>
    <object class="java.util.ArrayList">
     <void method="add">
      <string>https://marketplace.eclipse.org#2593184</string>
     </void>
    </object>
   </void>
   <void method="put">
    <string>ilg.gnumcueclipse.templates.freescale.feature</string>
    <object class="java.util.ArrayList">
     <void method="add">
      <string>https://marketplace.eclipse.org#2593184</string>
     </void>
    </object>
   </void>
   <void method="put">
    <string>de.sebastianbenz.task</string>
    <object class="java.util.ArrayList">
     <void method="add">
      <string>https://marketplace.eclipse.org#89288</string>
     </void>
    </object>
   </void>
   <void method="put">
    <string>com.codeaffine.gonsole.feature</string>
    <object class="java.util.ArrayList">
     <void method="add">
      <string>https://marketplace.eclipse.org#1789454</string>
     </void>
    </object>
   </void>
   <void method="put">
    <string>ilg.gnumcueclipse.debug.gdbjtag.openocd.feature</string>
    <object class="java.util.ArrayList">
     <void method="add">
      <string>https://marketplace.eclipse.org#2593184</string>
     </void>
    </object>
   </void>
   <void method="put">
    <string>org.eclipse.wst.xsl.feature</string>
    <object class="java.util.ArrayList">
     <void method="add">
      <string>https://marketplace.eclipse.org#2963400</string>
     </void>
    </object>
   </void>
   <void method="put">
    <string>ilg.gnumcueclipse.templates.stm.feature</string>
    <object class="java.util.ArrayList">
     <void method="add">
      <string>https://marketplace.eclipse.org#2593184</string>
     </void>
    </object>
   </void>
   <void method="put">
    <string>ContextQuickie</string>
    <object class="java.util.ArrayList">
     <void method="add">
      <string>https://marketplace.eclipse.org#2589579</string>
     </void>
    </object>
   </void>
   <void method="put">
    <string>org.eclipse.tm.terminal.feature</string>
    <object class="java.util.ArrayList">
     <void method="add">
      <string>https://marketplace.eclipse.org#1687099</string>
     </void>
    </object>
   </void>
   <void method="put">
    <string>ilg.gnumcueclipse.codered.feature</string>
    <object class="java.util.ArrayList">
     <void method="add">
      <string>https://marketplace.eclipse.org#2593184</string>
     </void>
    </object>
   </void>
   <void method="put">
    <string>ilg.gnumcueclipse.debug.gdbjtag.jlink.feature</string>
    <object class="java.util.ArrayList">
     <void method="add">
      <string>https://marketplace.eclipse.org#2593184</string>
     </void>
    </object>
   </void>
   <void method="put">
    <string>org.eclipse.jgit</string>
    <object class="java.util.ArrayList">
     <void method="add">
      <string>https://marketplace.eclipse.org#1336</string>
     </void>
    </object>
   </void>
   <void method="put">
    <string>code.satyagraha.gfm.viewer.feature</string>
    <object class="java.util.ArrayList">
     <void method="add">
      <string>https://marketplace.eclipse.org#900708</string>
     </void>
    </object>
   </void>
   <void method="put">
    <string>org.moflon.tgg.mosl.feature</string>
    <object class="java.util.ArrayList">
     <void method="add">
      <string>https://marketplace.eclipse.org#3234744</string>
     </void>
    </object>
   </void>
   <void method="put">
    <string>ilg.gnumcueclipse.debug.gdbjtag.pyocd.feature</string>
    <object class="java.util.ArrayList">
     <void method="add">
      <string>https://marketplace.eclipse.org#2593184</string>
     </void>
    </object>
   </void>
   <void method="put">
    <string>org.jkiss.dbeaver.git.feature</string>
    <object class="java.util.ArrayList">
     <void method="add">
      <string>https://marketplace.eclipse.org#4708777</string>
     </void>
    </object>
   </void>
   <void method="put">
    <string>org.eclipse.wst.xml.xpath2.processor.feature</string>
    <object class="java.util.ArrayList">
     <void method="add">
      <string>https://marketplace.eclipse.org#2963400</string>
     </void>
    </object>
   </void>
   <void method="put">
    <string>com.contrastsecurity.ide.eclipse.feature</string>
    <object class="java.util.ArrayList">
     <void method="add">
      <string>https://marketplace.eclipse.org#1876552</string>
     </void>
    </object>
   </void>
   <void method="put">
    <string>org.nodeclipse.pluginslist.feature</string>
    <object class="java.util.ArrayList">
     <void method="add">
      <string>https://marketplace.eclipse.org#1431428</string>
     </void>
     <void method="add">
      <string>https://marketplace.eclipse.org#1076754</string>
     </void>
    </object>
   </void>
   <void method="put">
    <string>org.eclipse.wst.jsdt.feature</string>
    <object class="java.util.ArrayList">
     <void method="add">
      <string>https://marketplace.eclipse.org#2963400</string>
     </void>
    </object>
   </void>
  </void>
  <void property="nodeKeyToIU">
   <void method="put">
    <string>https://marketplace.eclipse.org#3234744</string>
    <object class="java.util.ArrayList">
     <void method="add">
      <string>org.moflon.ide.feature</string>
     </void>
     <void method="add">
      <string>org.moflon.tgg.mosl.feature</string>
     </void>
     <void method="add">
      <string>org.moflon.ide.visualization.feature</string>
     </void>
    </object>
   </void>
   <void method="put">
    <string>https://marketplace.eclipse.org#1076754</string>
    <object class="java.util.ArrayList">
     <void method="add">
      <string>gitaddon.feature</string>
     </void>
     <void method="add">
      <string>org.nodeclipse.pluginslist.feature</string>
     </void>
    </object>
   </void>
   <void method="put">
    <string>https://marketplace.eclipse.org#89288</string>
    <object class="java.util.ArrayList">
     <void method="add">
      <string>de.sebastianbenz.task</string>
     </void>
    </object>
   </void>
   <void method="put">
    <string>https://marketplace.eclipse.org#67502</string>
    <object class="java.util.ArrayList">
     <void method="add">
      <string>edu.illinois.codingspectator</string>
     </void>
    </object>
   </void>
   <void method="put">
    <string>https://marketplace.eclipse.org#4142493</string>
    <object class="java.util.ArrayList">
     <void method="add">
      <string>TestDoxon_Tools</string>
     </void>
    </object>
   </void>
   <void method="put">
    <string>https://marketplace.eclipse.org#900708</string>
    <object class="java.util.ArrayList">
     <void method="add">
      <string>code.satyagraha.gfm.viewer.feature</string>
     </void>
    </object>
   </void>
   <void method="put">
    <string>https://marketplace.eclipse.org#620</string>
    <object class="java.util.ArrayList">
     <void method="add">
      <string>de.innot.avreclipse</string>
     </void>
    </object>
   </void>
   <void method="put">
    <string>https://marketplace.eclipse.org#677</string>
    <object class="java.util.ArrayList">
     <void method="add">
      <string>org.eclipse.swtbot</string>
     </void>
     <void method="add">
      <string>org.eclipse.swtbot.eclipse</string>
     </void>
     <void method="add">
      <string>org.eclipse.swtbot.eclipse.gef</string>
     </void>
     <void method="add">
      <string>org.eclipse.swtbot.ide</string>
     </void>
    </object>
   </void>
   <void method="put">
    <string>https://marketplace.eclipse.org#3429028</string>
    <object class="java.util.ArrayList">
     <void method="add">
      <string>com.reprezen.swagedit.feature</string>
     </void>
    </object>
   </void>
   <void method="put">
    <string>https://marketplace.eclipse.org#2963400</string>
    <object class="java.util.ArrayList">
     <void method="add">
      <string>org.eclipse.wst.web_ui.feature</string>
     </void>
     <void method="add">
      <string>org.eclipse.wst.xml_ui.feature</string>
     </void>
     <void method="add">
      <string>org.eclipse.wst.jsdt.feature</string>
     </void>
     <void method="add">
      <string>org.eclipse.egit</string>
     </void>
     <void method="add">
      <string>org.eclipse.cvs</string>
     </void>
     <void method="add">
      <string>org.eclipse.wst.xsl.feature</string>
     </void>
     <void method="add">
      <string>org.eclipse.wst.xml.xpath2.processor.feature</string>
     </void>
    </object>
   </void>
   <void method="put">
    <string>https://marketplace.eclipse.org#5018981</string>
    <object class="java.util.ArrayList">
     <void method="add">
      <string>com.microfocus.dimensions.feature</string>
     </void>
    </object>
   </void>
   <void method="put">
    <string>https://marketplace.eclipse.org#1789454</string>
    <object class="java.util.ArrayList">
     <void method="add">
      <string>com.codeaffine.gonsole.feature</string>
     </void>
     <void method="add">
      <string>com.codeaffine.gonsole.egit.feature</string>
     </void>
    </object>
   </void>
   <void method="put">
    <string>https://marketplace.eclipse.org#4708777</string>
    <object class="java.util.ArrayList">
     <void method="add">
      <string>org.jkiss.dbeaver.git.feature</string>
     </void>
    </object>
   </void>
   <void method="put">
    <string>https://marketplace.eclipse.org#2593184</string>
    <object class="java.util.ArrayList">
     <void method="add">
      <string>ilg.gnumcueclipse.managedbuild.cross.arm.feature</string>
     </void>
     <void method="add">
      <string>ilg.gnumcueclipse.templates.stm.feature</string>
     </void>
     <void method="add">
      <string>ilg.gnumcueclipse.templates.freescale.feature</string>
     </void>
     <void method="add">
      <string>ilg.gnumcueclipse.debug.gdbjtag.jlink.feature</string>
     </void>
     <void method="add">
      <string>ilg.gnumcueclipse.debug.gdbjtag.openocd.feature</string>
     </void>
     <void method="add">
      <string>ilg.gnumcueclipse.debug.gdbjtag.qemu.feature</string>
     </void>
     <void method="add">
      <string>ilg.gnumcueclipse.templates.cortexm.feature</string>
     </void>
     <void method="add">
      <string>ilg.gnumcueclipse.packs.feature</string>
     </void>
     <void method="add">
      <string>ilg.gnumcueclipse.templates.ad.feature</string>
     </void>
     <void method="add">
      <string>ilg.gnumcueclipse.codered.feature</string>
     </void>
     <void method="add">
      <string>ilg.gnumcueclipse.managedbuild.cross.riscv.feature</string>
     </void>
     <void method="add">
      <string>ilg.gnumcueclipse.debug.gdbjtag.pyocd.feature</string>
     </void>
     <void method="add">
      <string>ilg.gnumcueclipse.templates.sifive.feature</string>
     </void>
    </object>
   </void>
   <void method="put">
    <string>https://marketplace.eclipse.org#1336</string>
    <object class="java.util.ArrayList">
     <void method="add">
      <string>org.eclipse.egit</string>
     </void>
     <void method="add">
      <string>org.eclipse.jgit</string>
     </void>
     <void method="add">
      <string>org.eclipse.jgit.ssh.apache</string>
     </void>
     <void method="add">
      <string>org.eclipse.egit.mylyn</string>
     </void>
     <void method="add">
      <string>org.eclipse.egit.gitflow.feature</string>
     </void>
     <void method="add">
      <string>org.eclipse.jgit.lfs</string>
     </void>
     <void method="add">
      <string>org.eclipse.jgit.gpg.bc</string>
     </void>
    </object>
   </void>
   <void method="put">
    <string>https://marketplace.eclipse.org#1431428</string>
    <object class="java.util.ArrayList">
     <void method="add">
      <string>org.nodeclipse.pluginslist.feature</string>
     </void>
    </object>
   </void>
   <void method="put">
    <string>https://marketplace.eclipse.org#1687099</string>
    <object class="java.util.ArrayList">
     <void method="add">
      <string>org.eclipse.tm.terminal.feature</string>
     </void>
    </object>
   </void>
   <void method="put">
    <string>https://marketplace.eclipse.org#2341029</string>
    <object class="java.util.ArrayList">
     <void method="add">
      <string>com.laboki.eclipse.feature.smartclose</string>
     </void>
    </object>
   </void>
   <void method="put">
    <string>https://marketplace.eclipse.org#2589579</string>
    <object class="java.util.ArrayList">
     <void method="add">
      <string>ContextQuickie</string>
     </void>
    </object>
   </void>
   <void method="put">
    <string>https://marketplace.eclipse.org#1876552</string>
    <object class="java.util.ArrayList">
     <void method="add">
      <string>com.contrastsecurity.ide.eclipse.feature</string>
     </void>
    </object>
   </void>
   <void method="put">
    <string>https://marketplace.eclipse.org#4445639</string>
    <object class="java.util.ArrayList">
     <void method="add">
      <string>org.greip.feature</string>
     </void>
     <void method="add">
      <string>org.greip.nls.feature</string>
     </void>
    </object>
   </void>
  </void>
 </object>
</java>
