<?xml version='1.0' encoding='UTF-8'?>
<?compositeArtifactRepository version='1.0.0'?>
<repository name='Eclipse Web Tools Update Site - neon' type='org.eclipse.equinox.internal.p2.artifact.repository.CompositeArtifactRepository' version='1.0.0'>
  <properties size='2'>
    <property name='p2.timestamp' value='1530712072000'/>
    <property name='p2.compressed' value='true'/>
  </properties>
  <children size='3'>
    <child location='http://archive.eclipse.org/webtools/downloads/drops/R3.8/R3.8.2/R-3.8.2-20170308000057/repository/'/>
    <child location='http://archive.eclipse.org/webtools/downloads/drops/R3.8/R3.8.1/R-3.8.1-20160912100321/repository/'/>
    <child location='http://archive.eclipse.org/webtools/downloads/drops/R3.8/R3.8.0/R-3.8.0-20160608130753/repository/'/>
  </children>
</repository>
